peptide	is_decoy	delta_total	eel	egb	esurf	vdwaals
alpha_lactorphin	false	-32.506	-16.833	46.971	-7.605	-55.039
alphas1_casein_exorphin_6	false	-29.805	59.992	-21.967	-8.510	-59.320
beta_casomorphin_4_bov	false	-36.148	-38.487	56.518	-6.718	-47.461
beta_casomorphin_5_bov	false	-31.527	-71.147	95.592	-7.099	-48.873
beta_casomorphin_5_hum	false	-35.927	-164.244	189.044	-7.670	-53.058
beta_casomorphin_7_bov	false	-48.309	-101.213	128.745	-8.804	-67.037
beta_casomorphin_7_hum	false	-52.404	-214.712	252.802	-10.281	-80.213
beta_lactorphin	false	-32.567	-34.474	57.846	-6.805	-49.134
casoxin_A	false	-58.104	-175.403	211.086	-11.919	-81.869
casoxin_B	false	-52.653	-86.690	98.755	-8.389	-56.329
casoxin_C	false	-80.559	3.719	38.468	-15.305	-107.441
casoxin_D	false	-58.313	-77.104	111.177	-11.993	-80.392
lactoferroxin_A_bov	false	-29.151	5.964	29.625	-8.123	-56.617
lactoferroxin_A_hum	false	-40.056	-93.642	114.109	-7.933	-52.590
met_enkephalin	false	-40.556	-128.227	143.036	-7.696	-47.669
neocasomorphin_6	false	-46.493	-189.181	216.148	-8.808	-64.652
scr__alpha_lactorphin	true	-35.052	-113.160	128.244	-6.770	-43.366
scr__alphas1_casein_exorphin_6	true	-56.907	-45.501	78.116	-11.254	-78.268
scr__alphas1_casein_exorphin_7	true	-49.967	-144.673	181.381	-10.812	-75.864
scr__beta_casomorphin_4_bov	true	-49.166	-122.210	130.899	-6.683	-51.172
scr__beta_casomorphin_5_bov	true	-43.215	-106.989	126.094	-8.036	-54.283
scr__beta_casomorphin_5_hum	true	-37.777	-164.239	189.989	-7.947	-55.580
scr__beta_casomorphin_7_bov	true	-43.058	-79.816	123.592	-9.912	-76.923
scr__beta_lactorphin	true	-33.913	-35.356	67.156	-8.089	-57.624
scr__casoxin_A	true	-55.284	-170.642	205.405	-12.456	-77.591
scr__casoxin_B	true	-37.269	-70.838	94.153	-7.887	-52.697
scr__casoxin_C	true	-65.205	40.175	10.634	-14.505	-101.508
scr__casoxin_D	true	-43.481	52.248	-16.199	-9.897	-69.633
scr__lactoferroxin_A_bov	true	-38.626	32.064	-2.915	-8.160	-59.615
scr__met_enkephalin	true	-29.861	-26.426	48.958	-6.632	-45.762
scr__neocasomorphin_6	true	-36.121	-219.478	245.640	-7.600	-54.684
scr__soymorphin_5	true	-28.528	-32.819	66.817	-7.470	-55.056
scr__soymorphin_6	true	-48.691	-45.088	70.401	-8.852	-65.152
scr__soymorphin_7	true	-44.958	-116.593	144.859	-9.367	-63.857
